"org_id","ph_number"
1,"253-830-1232"
1,"461-685-8649"
1,"713-413-9363"
1,"897-904-2746"
1,"916-142-4816"
2,"323-334-0409"
2,"346-213-4675"
2,"431-250-7610"
2,"663-699-7940"
2,"705-233-5119"
3,"199-259-5934"
3,"380-334-8072"
3,"381-922-9729"
3,"454-310-9357"
3,"571-567-1618"
4,"215-158-3062"
4,"514-466-8489"
4,"578-895-6530"
4,"704-565-2406"
4,"933-388-0632"
5,"279-218-9306"
5,"652-161-2153"
5,"759-381-8818"
5,"780-136-9075"
5,"809-692-4143"
6,"137-766-4698"
6,"150-273-6802"
6,"246-531-5372"
6,"257-227-6426"
6,"793-262-9134"
7,"198-841-7731"
7,"358-757-4014"
7,"470-957-5167"
7,"478-507-1717"
7,"781-681-1721"
8,"124-415-2548"
8,"132-730-7261"
8,"159-582-0739"
8,"281-896-2840"
8,"390-516-5048"
9,"259-200-2640"
9,"483-511-1293"
9,"750-434-1463"
9,"922-712-8952"
9,"960-389-0621"
10,"446-793-3956"
10,"629-252-1978"
10,"727-117-2298"
10,"875-847-7579"
10,"977-841-4432"
11,"129-699-3206"
11,"253-148-4542"
11,"639-376-4257"
11,"923-376-6571"
11,"943-403-6058"
12,"194-987-6713"
12,"291-484-0624"
12,"478-602-6865"
12,"809-874-0918"
12,"900-826-0885"
13,"175-350-3507"
13,"190-582-8010"
13,"353-130-7831"
13,"467-904-7147"
13,"985-760-9230"
14,"157-582-7442"
14,"455-577-4158"
14,"582-700-6673"
14,"741-741-0586"
14,"889-913-9090"
15,"780-371-0905"
15,"907-132-2514"
15,"965-624-5035"
15,"967-865-0242"
15,"986-632-8537"
16,"199-573-8914"
16,"546-977-1653"
16,"733-164-6131"
16,"889-510-3135"
17,"104-627-4452"
17,"121-957-3094"
17,"214-365-9979"
17,"553-336-2488"
17,"714-826-9505"
18,"125-429-1054"
18,"481-300-7972"
18,"544-302-8377"
18,"646-151-5741"
18,"693-257-7842"
19,"494-942-3473"
19,"675-785-6611"
19,"807-665-0840"
19,"954-104-0304"
19,"981-452-2417"
20,"448-597-1007"
20,"529-897-1650"
20,"733-835-8894"
20,"814-786-3511"
20,"955-891-4729"
21,"233-559-5555"
21,"323-467-7637"
21,"674-234-9011"
21,"879-423-8867"
21,"958-400-1322"
22,"112-755-7187"
22,"380-878-7544"
22,"722-545-4952"
22,"952-556-3492"
22,"977-969-4165"
23,"120-280-5502"
23,"380-437-5951"
23,"575-789-2094"
23,"710-341-3331"
23,"830-680-2918"
24,"507-495-1485"
24,"783-783-6707"
24,"827-439-6479"
24,"844-689-2156"
24,"903-688-2388"
25,"208-403-6433"
25,"464-332-8481"
25,"589-745-4620"
25,"615-850-1105"
25,"636-243-9899"
26,"276-549-5206"
26,"686-131-5256"
26,"721-555-6977"
26,"873-265-9833"
26,"949-295-4676"
27,"189-360-1208"
27,"201-353-0826"
27,"657-814-1069"
27,"688-256-8785"
27,"705-221-4136"
28,"362-634-8989"
28,"376-693-2633"
28,"523-325-2199"
28,"742-629-4301"
28,"870-527-7234"
29,"420-192-1280"
29,"421-404-0356"
29,"561-309-6463"
29,"933-101-1992"
29,"976-107-4077"
30,"111-599-3281"
30,"426-261-2498"
30,"595-902-8942"
30,"655-658-3279"
30,"909-174-9270"
31,"425-435-0921"
31,"478-767-8221"
31,"535-992-8939"
31,"954-931-5450"
31,"965-427-2878"
32,"159-103-4641"
32,"367-907-8738"
32,"490-530-7061"
32,"766-570-5017"
32,"933-912-0066"
33,"120-448-8231"
33,"197-401-6064"
33,"298-671-8229"
33,"309-911-7805"
33,"513-235-2927"
34,"194-660-2004"
34,"311-676-1438"
34,"316-389-2696"
34,"419-261-0171"
34,"720-288-3624"
35,"523-440-2860"
35,"549-705-8055"
35,"624-366-0152"
35,"775-555-4310"
35,"862-172-5790"
36,"131-220-7138"
36,"180-760-7455"
36,"347-683-1409"
36,"820-829-1650"
36,"950-489-5516"
37,"168-601-5215"
37,"261-288-1449"
37,"537-703-1863"
37,"564-201-4807"
37,"753-472-1898"
38,"153-939-6232"
38,"155-927-2473"
38,"163-493-5611"
38,"408-984-7695"
38,"880-656-2576"
39,"100-438-7679"
39,"341-687-7075"
39,"401-696-7852"
39,"575-416-0710"
39,"680-308-3359"
40,"234-889-2193"
40,"488-645-7263"
40,"727-991-6633"
40,"815-355-2931"
41,"115-179-2555"
41,"202-514-2566"
41,"335-146-2732"
41,"499-381-8568"
41,"765-268-6510"
42,"112-545-7301"
42,"314-741-4963"
42,"354-818-3455"
42,"628-633-5592"
42,"971-610-1921"
43,"252-224-5521"
43,"476-435-7119"
43,"557-835-6813"
43,"732-825-4142"
43,"989-224-5345"
44,"245-279-6646"
44,"307-578-5666"
44,"669-577-6880"
44,"739-261-3052"
44,"977-989-4980"
45,"198-634-7114"
45,"567-873-3393"
45,"608-184-0871"
45,"689-116-9529"
45,"956-522-3072"
46,"173-262-7024"
46,"240-190-3332"
46,"544-696-5581"
46,"570-913-7184"
46,"820-391-9870"
47,"372-744-3530"
47,"405-519-8503"
47,"463-517-3712"
47,"524-364-1758"
47,"778-377-7858"
48,"160-207-7399"
48,"303-158-2117"
48,"348-930-8292"
48,"551-694-3609"
48,"712-667-1799"
48,"795-283-0793"
49,"167-247-5067"
49,"217-722-8478"
49,"232-356-8010"
49,"304-494-3244"
49,"599-445-5925"
50,"291-236-0710"
50,"531-861-5565"
50,"641-637-8009"
50,"666-213-3202"
50,"778-797-9242"
51,"331-495-4963"
51,"381-574-3479"
51,"555-793-2554"
51,"622-987-1882"
51,"960-114-7817"
52,"167-616-4843"
52,"308-489-2550"
52,"508-652-8343"
52,"674-229-7133"
52,"945-395-2156"
53,"202-718-3868"
53,"403-607-2716"
53,"693-256-2532"
53,"731-126-5968"
53,"807-469-5446"
54,"231-101-5191"
54,"363-677-1363"
54,"421-421-7463"
54,"911-789-6400"
54,"936-460-6054"
55,"103-847-8806"
55,"108-267-0936"
55,"117-147-8022"
55,"863-952-8254"
55,"942-733-5034"
56,"129-643-6213"
56,"701-331-1321"
56,"714-416-3000"
56,"833-976-7975"
56,"975-444-3443"
57,"327-317-8054"
57,"480-488-1682"
57,"488-515-7949"
57,"905-951-6909"
58,"102-337-8368"
58,"378-391-8515"
58,"437-400-5806"
58,"649-763-6623"
58,"714-917-6091"
59,"194-998-2465"
59,"218-719-5328"
59,"240-553-6211"
59,"628-893-9691"
59,"990-851-6567"
60,"287-449-1388"
60,"336-462-6500"
60,"506-556-9437"
60,"798-786-7436"
60,"869-286-2770"
61,"127-491-4700"
61,"287-291-2583"
61,"686-128-5884"
61,"805-187-5999"
61,"965-304-8205"
62,"160-506-5510"
62,"405-306-2204"
62,"800-923-1748"
62,"808-371-9563"
62,"971-837-5118"
63,"496-328-2131"
63,"577-878-1474"
63,"732-391-8146"
63,"889-137-6783"
64,"236-975-1751"
64,"407-143-0458"
64,"631-305-1506"
64,"944-597-1611"
64,"979-832-8201"
65,"334-191-0907"
65,"549-623-5358"
65,"576-757-7261"
65,"596-841-6830"
65,"861-739-4421"
66,"108-215-4473"
66,"203-805-3552"
66,"343-323-6085"
66,"354-422-6937"
66,"703-863-6773"
67,"141-625-1206"
67,"355-632-8500"
67,"717-137-1954"
67,"808-594-2859"
67,"950-254-6310"
68,"131-329-6559"
68,"230-116-7708"
68,"462-731-1417"
68,"619-334-5101"
68,"670-401-5308"
69,"125-437-3895"
69,"273-979-0413"
69,"401-830-4202"
69,"678-881-6173"
69,"704-477-0965"
70,"130-127-9200"
70,"153-469-3933"
70,"158-522-6994"
70,"828-887-7322"
70,"841-622-0350"
71,"170-230-5446"
71,"191-411-6421"
71,"428-601-7012"
71,"957-110-1248"
71,"984-758-9457"
72,"360-292-6787"
72,"411-729-7240"
72,"524-156-9155"
72,"870-244-8436"
72,"938-952-6751"
73,"164-249-7644"
73,"598-334-2294"
73,"662-295-5984"
73,"909-722-4684"
73,"966-925-0003"
74,"107-528-4341"
74,"215-839-8473"
74,"299-170-6313"
74,"401-710-1193"
74,"919-459-8763"
75,"123-376-6399"
75,"140-314-7598"
75,"359-609-1755"
75,"671-394-5811"
75,"862-906-8225"
76,"115-852-2170"
76,"154-308-5793"
76,"601-258-7756"
76,"653-740-8010"
76,"865-514-6296"
76,"891-462-3763"
77,"304-152-2894"
77,"433-370-2529"
77,"492-973-6280"
77,"570-269-0313"
77,"694-694-7965"
78,"332-125-5995"
78,"359-884-7724"
78,"397-942-8613"
78,"815-543-5112"
78,"918-487-0155"
79,"197-489-2134"
79,"229-898-7426"
79,"396-900-9427"
79,"893-444-7940"
79,"927-350-4717"
80,"544-374-5971"
80,"574-666-4105"
80,"714-249-9877"
80,"904-355-4227"
80,"971-819-1687"
81,"335-348-5338"
81,"656-852-9341"
81,"741-823-8899"
81,"892-553-2314"
81,"931-897-4399"
82,"268-462-7880"
82,"454-845-0798"
82,"596-393-6616"
82,"671-458-4040"
82,"905-706-9203"
83,"155-776-5755"
83,"365-498-4597"
83,"586-364-9603"
83,"635-829-8889"
83,"775-157-5673"
84,"418-504-0861"
84,"575-889-3133"
84,"580-997-5266"
84,"588-645-8267"
84,"881-730-7509"
85,"166-864-0034"
85,"179-547-7977"
85,"276-456-6529"
85,"370-370-0570"
85,"421-265-0025"
85,"442-894-4467"
86,"171-806-7903"
86,"323-976-7648"
86,"586-482-8313"
86,"731-893-3971"
86,"853-911-8238"
87,"109-268-4817"
87,"291-363-2794"
87,"690-530-2990"
87,"690-539-6535"
87,"693-491-8166"
88,"177-597-0653"
88,"258-218-6698"
88,"260-243-8559"
88,"539-569-6327"
88,"703-948-7039"
88,"871-528-4509"
89,"254-802-2666"
89,"368-132-2886"
89,"433-770-6412"
89,"457-765-7055"
89,"734-615-8642"
90,"516-165-5939"
90,"684-369-1047"
90,"842-390-5334"
90,"868-225-7867"
90,"972-541-6904"
