org_id,ph_number
75,671-394-5811
74,215-839-8473
88,177-597-0653
7,198-841-7731
53,731-126-5968
24,844-689-2156
4,215-158-3062
9,922-712-8952
50,641-637-8009
64,979-832-8201
71,957-110-1248
49,232-356-8010
15,907-132-2514
52,308-489-2550
77,492-973-6280
38,408-984-7695
56,701-331-1321
70,841-622-0350
17,714-826-9505
35,549-705-8055
33,120-448-8231
21,879-423-8867
86,586-482-8313
47,405-519-8503
85,370-370-0570
79,927-350-4717
45,956-522-3072
89,734-615-8642
73,662-295-5984
8,124-415-2548
81,335-348-5338
40,234-889-2193
1,916-142-4816
29,561-309-6463
59,218-719-5328
6,137-766-4698
68,131-329-6559
90,684-369-1047
46,820-391-9870
28,870-527-7234
18,125-429-1054
34,316-389-2696
41,115-179-2555
13,353-130-7831
32,933-912-0066
76,865-514-6296
30,655-658-3279
2,431-250-7610
31,478-767-8221
48,303-158-2117
27,705-221-4136
80,714-249-9877
82,905-706-9203
65,861-739-4421
55,108-267-0936
43,252-224-5521
61,965-304-8205
44,739-261-3052
10,629-252-1978
36,950-489-5516
26,873-265-9833
25,589-745-4620
69,401-830-4202
62,800-923-1748
16,199-573-8914
84,418-504-0861
39,341-687-7075
11,639-376-4257
66,108-215-4473
83,775-157-5673
42,354-818-3455
60,336-462-6500
22,952-556-3492
23,830-680-2918
67,950-254-6310
19,981-452-2417
12,809-874-0918
37,261-288-1449
72,411-729-7240
63,496-328-2131
58,378-391-8515
14,455-577-4158
5,809-692-4143
78,815-543-5112
20,814-786-3511
54,911-789-6400
87,291-363-2794
51,381-574-3479
3,571-567-1618
71,170-230-5446
34,194-660-2004
3,199-259-5934
30,111-599-3281
33,197-401-6064
32,367-907-8738
6,246-531-5372
24,903-688-2388
47,524-364-1758
59,628-893-9691
88,703-948-7039
22,722-545-4952
12,478-602-6865
49,167-247-5067
43,732-825-4142
7,358-757-4014
90,868-225-7867
21,958-400-1322
10,446-793-3956
54,363-677-1363
82,268-462-7880
86,323-976-7648
44,307-578-5666
84,575-889-3133
62,808-371-9563
9,750-434-1463
2,346-213-4675
20,733-835-8894
87,690-530-2990
67,355-632-8500
16,546-977-1653
14,582-700-6673
45,198-634-7114
83,586-364-9603
76,653-740-8010
56,833-976-7975
78,332-125-5995
81,892-553-2314
55,103-847-8806
89,368-132-2886
15,965-624-5035
77,304-152-2894
52,945-395-2156
13,467-904-7147
17,121-957-3094
65,334-191-0907
60,287-449-1388
31,425-435-0921
46,570-913-7184
35,624-366-0152
50,531-861-5565
28,523-325-2199
40,727-991-6633
58,649-763-6623
73,966-925-0003
64,236-975-1751
57,480-488-1682
11,923-376-6571
23,380-437-5951
41,499-381-8568
75,123-376-6399
79,229-898-7426
26,686-131-5256
42,112-545-7301
48,160-207-7399
1,253-830-1232
38,153-939-6232
19,954-104-0304
70,158-522-6994
61,805-187-5999
4,578-895-6530
69,704-477-0965
25,208-403-6433
27,189-360-1208
85,276-456-6529
37,168-601-5215
68,230-116-7708
36,131-220-7138
29,420-192-1280
80,544-374-5971
18,693-257-7842
66,203-805-3552
8,281-896-2840
53,403-607-2716
51,331-495-4963
63,889-137-6783
5,759-381-8818
74,401-710-1193
72,524-156-9155
39,401-696-7852
13,985-760-9230
61,287-291-2583
42,628-633-5592
7,781-681-1721
19,494-942-3473
30,426-261-2498
67,808-594-2859
57,905-951-6909
2,663-699-7940
59,990-851-6567
64,407-143-0458
34,720-288-3624
71,191-411-6421
10,875-847-7579
60,506-556-9437
68,670-401-5308
46,173-262-7024
85,179-547-7977
37,537-703-1863
52,508-652-8343
63,732-391-8146
33,309-911-7805
86,853-911-8238
23,710-341-3331
77,570-269-0313
24,827-439-6479
53,693-256-2532
28,742-629-4301
65,549-623-5358
29,976-107-4077
39,575-416-0710
11,943-403-6058
17,214-365-9979
14,889-913-9090
89,457-765-7055
1,897-904-2746
9,483-511-1293
48,348-930-8292
15,780-371-0905
27,657-814-1069
3,381-922-9729
83,365-498-4597
73,598-334-2294
90,842-390-5334
21,233-559-5555
56,129-643-6213
36,180-760-7455
47,778-377-7858
69,125-437-3895
55,117-147-8022
44,977-989-4980
54,231-101-5191
51,960-114-7817
5,780-136-9075
88,260-243-8559
38,880-656-2576
25,615-850-1105
80,574-666-4105
20,529-897-1650
72,938-952-6751
8,390-516-5048
62,971-837-5118
35,523-440-2860
31,535-992-8939
81,741-823-8899
82,454-845-0798
76,601-258-7756
12,291-484-0624
50,666-213-3202
74,107-528-4341
87,690-539-6535
26,276-549-5206
75,359-609-1755
79,197-489-2134
58,102-337-8368
45,689-116-9529
32,766-570-5017
70,153-469-3933
22,977-969-4165
43,989-224-5345
40,488-645-7263
4,514-466-8489
16,889-510-3135
78,359-884-7724
66,354-422-6937
18,544-302-8377
41,335-146-2732
6,793-262-9134
84,580-997-5266
49,599-445-5925
68,619-334-5101
48,795-283-0793
1,461-685-8649
10,727-117-2298
30,909-174-9270
59,240-553-6211
12,900-826-0885
39,100-438-7679
49,217-722-8478
64,631-305-1506
70,828-887-7322
86,171-806-7903
88,258-218-6698
53,202-718-3868
26,721-555-6977
11,129-699-3206
46,240-190-3332
13,175-350-3507
42,971-610-1921
43,557-835-6813
66,343-323-6085
20,955-891-4729
15,967-865-0242
6,150-273-6802
32,490-530-7061
35,775-555-4310
58,714-917-6091
54,936-460-6054
17,104-627-4452
61,127-491-4700
57,488-515-7949
84,881-730-7509
8,159-582-0739
45,567-873-3393
55,942-733-5034
9,960-389-0621
23,575-789-2094
38,155-927-2473
24,507-495-1485
80,971-819-1687
75,862-906-8225
27,688-256-8785
50,778-797-9242
40,815-355-2931
21,674-234-9011
67,717-137-1954
47,372-744-3530
14,741-741-0586
76,891-462-3763
2,323-334-0409
82,596-393-6616
69,678-881-6173
51,555-793-2554
41,765-268-6510
81,656-852-9341
87,109-268-4817
36,347-683-1409
22,112-755-7187
3,454-310-9357
19,675-785-6611
65,596-841-6830
44,669-577-6880
5,652-161-2153
4,933-388-0632
73,909-722-4684
74,919-459-8763
60,869-286-2770
31,954-931-5450
90,972-541-6904
37,753-472-1898
71,428-601-7012
33,513-235-2927
34,419-261-0171
7,470-957-5167
29,421-404-0356
56,975-444-3443
25,464-332-8481
52,674-229-7133
72,870-244-8436
28,362-634-8989
83,635-829-8889
85,442-894-4467
78,918-487-0155
89,433-770-6412
18,481-300-7972
77,694-694-7965
79,396-900-9427
62,160-506-5510
44,245-279-6646
62,405-306-2204
13,190-582-8010
43,476-435-7119
30,595-902-8942
59,194-998-2465
80,904-355-4227
22,380-878-7544
33,298-671-8229
15,986-632-8537
23,120-280-5502
84,588-645-8267
5,279-218-9306
61,686-128-5884
54,421-421-7463
70,130-127-9200
37,564-201-4807
9,259-200-2640
28,376-693-2633
86,731-893-3971
11,253-148-4542
78,397-942-8613
60,798-786-7436
88,871-528-4509
39,680-308-3359
8,132-730-7261
51,622-987-1882
36,820-829-1650
34,311-676-1438
25,636-243-9899
66,703-863-6773
20,448-597-1007
42,314-741-4963
83,155-776-5755
68,462-731-1417
69,273-979-0413
71,984-758-9457
74,299-170-6313
26,949-295-4676
18,646-151-5741
55,863-952-8254
45,608-184-0871
14,157-582-7442
10,977-841-4432
64,944-597-1611
67,141-625-1206
89,254-802-2666
4,704-565-2406
24,783-783-6707
75,140-314-7598
32,159-103-4641
48,551-694-3609
72,360-292-6787
82,671-458-4040
16,733-164-6131
31,965-427-2878
87,693-491-8166
65,576-757-7261
17,553-336-2488
56,714-416-3000
63,577-878-1474
3,380-334-8072
52,167-616-4843
79,893-444-7940
41,202-514-2566
2,705-233-5119
73,164-249-7644
53,807-469-5446
46,544-696-5581
47,463-517-3712
81,931-897-4399
7,478-507-1717
77,433-370-2529
6,257-227-6426
21,323-467-7637
76,115-852-2170
29,933-101-1992
19,807-665-0840
49,304-494-3244
1,713-413-9363
35,862-172-5790
85,421-265-0025
58,437-400-5806
50,291-236-0710
90,516-165-5939
57,327-317-8054
12,194-987-6713
38,163-493-5611
27,201-353-0826
48,712-667-1799
88,539-569-6327
76,154-308-5793
85,166-864-0034
